{
	"token": "MTExNTMwMjk3NDU1MDQ0NjE5MQ.G-dNo9.nFO0pDtj-JpOwPrLVvYVv0c0wkh_DJ4OqLUZz0",
	"guildID": "1111652299631235186",
	"ownerID": "1087380366224007241",
	"commandroom": "1111652299631235192",
	"roleID": "1081232578448724130",
	"versionbot": "Arcues Community🚀",
	"img": "https://cdn.discordapp.com/attachments/1061206579044679700/1081261554986647572/IMG_6869.jpg",
	"photovip": ["https://cdn.discordapp.com/attachments/1061206579044679700/1067053433368088657/68u.gif"],
	"mongodb": "mongodb+srv://HyuXingum:Bumbobi2008!@huyxingum.v5rflcb.mongodb.net/?retryWrites=true&w=majority"
}